"Fund Name","P1","P2","P3","P4","P5","Topsis Score","Rank"
"M1","0.75","0.56","5.0","38.7","11.25","0.24577882457119563","8.0"
"M2","0.89","0.79","3.4","31.6","9.17","0.2918315593526719","7.0"
"M3","0.81","0.66","6.3","53.6","15.34","0.5661339032667838","6.0"
"M4","0.84","0.71","5.3","59.6","16.61","0.7233996838280732","4.0"
"M5","0.84","0.71","3.1","56.6","15.31","0.7387102873245882","3.0"
"M6","0.89","0.79","3.8","62.0","16.87","0.8728712287438684","1.0"
"M7","0.82","0.67","4.7","51.9","14.52","0.5858273739492476","5.0"
"M8","0.92","0.85","5.8","64.3","17.97","0.758060110723088","2.0"
